id,name,email,salary,country
870,Ester Gager,egagero5@buzzfeed.com,4993,USA
773,Stanford Isaksen,sisaksenlg@drupal.org,4993,USA
3,Justina Drivers,jdrivers2@businessinsider.com,3714,Canada
828,Patrizius Cerie,pceriemz@gravatar.com,4993,USA
748,Conrade Gerretsen,cgerretsenkr@t.co,4978,USA
905,Jenna Doniso,jdonisop4@scribd.com,4975,USA
841,Saxe Janecek,sjaneceknc@sohu.com,4972,USA
413,Mischa Byllam,mbyllambg@eventbrite.com,4967,USA
419,Sorcha Dowyer,sdowyerbm@aboutads.info,4959,USA
885,Mahmoud Forsard,mforsardok@nydailynews.com,4958,USA
11,Corliss Brewster,cbrewstera@barnesandnoble.com,4524,Canada
307,Bathsheba Coppens,bcoppens8i@amazon.co.uk,4957,USA
987,Vaclav Merriment,vmerrimentre@blogs.com,4957,USA
93,Dina Mardle,dmardle2k@amazon.co.uk,4981,Singapore
36,Sanders Dumberrill,sdumberrillz@dion.ne.jp,4981,Singapore
16,Odella O'Regan,ooreganf@nba.com,2198,Canada
108,Matty Lomen,mlomen2z@yahoo.com,4865,Singapore
33,Mandy Warratt,mwarrattw@state.tx.us,4832,Singapore
14,Jude Tunnah,jtunnahd@fema.gov,4823,Singapore
90,Rora Angric,rangric2h@wired.com,4822,Singapore
31,Welsh Hacquel,whacquelu@altervista.org,4818,Singapore
55,Max Fairfoul,mfairfoul1i@nifty.com,4809,Singapore
23,Aggi Foakes,afoakesm@va.gov,4765,Singapore
54,Jerald Tollerfield,jtollerfield1h@prlog.org,4733,Singapore
52,Ronda Pendry,rpendry1f@nhs.uk,4609,Singapore
68,Melessa Guerola,mguerola1v@engadget.com,4505,Singapore
40,Claudine Soppeth,csoppeth13@yellowpages.com,4448,Singapore
63,Foster Giacopini,fgiacopini1q@plala.or.jp,4415,Singapore
42,Neilla Petken,npetken15@telegraph.co.uk,4329,Singapore
30,Timmy Sayes,tsayest@arizona.edu,3522,Canada
45,Philomena Syder,psyder18@weebly.com,4278,Singapore
32,Una Silverson,usilversonv@multiply.com,3807,Canada
89,Gabrielle Solomonides,gsolomonides2g@tripadvisor.com,4170,Singapore
34,Maggi Ashbee,mashbeex@sun.com,3470,Canada
56,Aldous Gwinn,agwinn1j@over-blog.com,4141,Singapore
70,Gilberto Wadman,gwadman1x@chicagotribune.com,4096,Singapore
37,Felicia Creboe,fcreboe10@ted.com,4016,Canada
38,Tonya Toll,ttoll11@ucoz.ru,3572,Canada
39,Don Wessell,dwessell12@tmall.com,4028,Singapore
98,Celle Couve,ccouve2p@amazon.co.uk,4024,Singapore
41,Queenie Cooch,qcooch14@ft.com,4348,Canada
49,Emmerich Ewan,eewan1c@google.com.br,4003,Singapore
27,Alie Martensen,amartensenq@xinhuanet.com,3950,Singapore
66,Rudie Ailsbury,railsbury1t@blogspot.com,3881,Singapore
64,Ian Pyper,ipyper1r@noaa.gov,3873,Singapore
46,Teodor Pancoast,tpancoast19@hao123.com,2982,Canada
44,Allis Ravel,aravel17@360.cn,3590,Singapore
48,Evelin Winman,ewinman1b@geocities.com,2136,Canada
97,Leoline Rivalant,lrivalant2o@drupal.org,3551,Singapore
94,Claire Maddy,cmaddy2l@opensource.org,3535,Singapore
72,Brendan Fradgley,bfradgley1z@amazonaws.com,3487,Singapore
79,Blaire Pendrick,bpendrick26@pinterest.com,3485,Singapore
53,Cyndia Hemeret,chemeret1g@blog.com,2697,Canada
15,Loria Ingley,lingleye@xrea.com,3479,Singapore
24,Leo MacCague,lmaccaguen@woothemes.com,3463,Singapore
50,Susanne Colls,scolls1d@jigsy.com,3458,Singapore
57,Dael Blondel,dblondel1k@google.ca,2079,Canada
58,Clive Goldring,cgoldring1l@guardian.co.uk,4649,Canada
59,Allie Itshak,aitshak1m@ask.com,3815,Canada
80,Alwin Pawelczyk,apawelczyk27@hexun.com,3451,Singapore
35,Marrilee Jentet,mjentety@ihg.com,3445,Singapore
105,Austin Jannings,ajannings2w@nasa.gov,3342,Singapore
82,Reese Tredget,rtredget29@yelp.com,3259,Singapore
26,Buiron Asprey,baspreyp@stumbleupon.com,3199,Singapore
65,Arlin Randal,arandal1s@mysql.com,4174,Canada
60,Donia Corwin,dcorwin1n@google.cn,3191,Singapore
99,Marley MacComiskey,mmaccomiskey2q@google.ca,3178,Singapore
22,Godart Ranken,grankenl@tamu.edu,3119,Singapore
21,Zach Collocott,zcollocottk@github.com,3102,Singapore
19,Corny Ulyat,culyati@google.fr,2988,Singapore
71,Gray Yarrell,gyarrell1y@usnews.com,2760,Canada
69,Peta Turfes,pturfes1w@people.com.cn,2963,Singapore
73,Deeyn Kinzett,dkinzett20@tumblr.com,2895,Singapore
17,Fannie Rottcher,frottcherg@ed.gov,2894,Singapore
28,Gillian Maides,gmaidesr@canalblog.com,2876,Singapore
76,Jeri Timeby,jtimeby23@freewebs.com,4422,Canada
77,Nelia Gally,ngally24@opensource.org,2235,Canada
78,Lennie De Antoni,lde25@jiathis.com,4208,Canada
43,Elizabeth Tomasz,etomasz16@yolasite.com,2841,Singapore
74,Nicol Vyvyan,nvyvyan21@delicious.com,2771,Singapore
81,Yoshi Greystoke,ygreystoke28@youtu.be,2536,Canada
92,Elberta Bracken,ebracken2j@yellowpages.com,2771,Singapore
83,Martin MacMaster,mmacmaster2a@ezinearticles.com,2913,Canada
47,Orbadiah Auchterlonie,oauchterlonie1a@aol.com,2759,Singapore
106,Ronny Hizir,rhizir2x@redcross.org,2702,Singapore
86,Roderic Quinn,rquinn2d@google.com,3642,Canada
103,Coreen Lardnar,clardnar2u@dmoz.org,2687,Singapore
88,Karylin Crosby,kcrosby2f@bloglovin.com,2294,Canada
85,Lark Persse,lpersse2c@dot.gov,2645,Singapore
91,Peggie Molloy,pmolloy2i@list-manage.com,2520,Singapore
62,Bard Durand,bdurand1p@va.gov,2511,Singapore
110,Johnny Honsch,jhonsch31@mashable.com,2483,Singapore
75,Tony Batter,tbatter22@pcworld.com,2455,Singapore
51,Rollo Beggin,rbeggin1e@miibeian.gov.cn,2433,Singapore
67,Candie Yakunchikov,cyakunchikov1u@seesaa.net,2421,Singapore
96,Ermentrude Witherdon,ewitherdon2n@japanpost.jp,2413,Singapore
87,Auberta Vasyatkin,avasyatkin2e@blinklist.com,2367,Singapore
29,Archaimbaud Ferens,aferenss@dailymail.co.uk,2310,Singapore
95,Estelle Boog,eboog2m@ask.com,2182,Singapore
100,Terrell Perrins,tperrins2r@lycos.com,4262,Canada
101,Wat Drinkwater,wdrinkwater2s@addthis.com,2103,Canada
102,Buckie Bownas,bbownas2t@blogtalkradio.com,4693,Canada
84,Mikel Castaner,mcastaner2b@newsvine.com,2170,Singapore
104,Siobhan Kelsey,skelsey2v@goo.gl,3797,Canada
107,Zenia Clohisey,zclohisey2y@paypal.com,2153,Singapore
20,Nanice Garfield,ngarfieldj@springer.com,2134,Singapore
18,Obed Braben,obrabenh@mtv.com,2104,Singapore
61,Curr Dorrins,cdorrins1o@privacy.gov.au,2083,Singapore
109,Sula Churchyard,schurchyard30@ning.com,2801,Canada
25,Janenna Storrock,jstorrocko@mtv.com,2017,Singapore
745,Douglass Sapson,dsapsonko@ameblo.jp,4953,USA
266,Hedwig Thaxter,hthaxter7d@ebay.com,4951,USA
523,Rhianna Rentoul,rrentoulei@webeden.co.uk,4950,USA
173,Ashien Biggadyke,abiggadyke4s@is.gd,4945,USA
165,Betteanne MacCrossan,bmaccrossan4k@storify.com,4943,USA
116,Arabel Graine,agraine37@ning.com,2213,Canada
190,Moshe Leadbeater,mleadbeater59@nifty.com,4935,USA
172,Zulema Cammock,zcammock4r@youtube.com,4934,USA
346,Emmaline Tournay,etournay9l@google.com,4930,USA
411,Idalia Hyams,ihyamsbe@japanpost.jp,4928,USA
778,Jon Hofner,jhofnerll@smh.com.au,4927,USA
888,Patience Hyman,phymanon@census.gov,4916,USA
463,Free Fegan,ffegancu@flavors.me,4915,USA
124,Casi Bazell,cbazell3f@archive.org,3376,Canada
125,Gawain Bonnick,gbonnick3g@wordpress.org,2431,Canada
126,Brook Munford,bmunford3h@comcast.net,2555,Canada
127,Adair Olding,aolding3i@soup.io,4587,Canada
947,Burty Kidner,bkidnerqa@google.ca,4908,USA
130,Web Brithman,wbrithman3l@bbb.org,4907,USA
719,Giralda Lukianov,glukianovjy@ycombinator.com,4907,USA
265,Debbi Skillett,dskillett7c@deliciousdays.com,4904,USA
705,Gavin Maunsell,gmaunselljk@boston.com,4901,USA
133,Say Delhanty,sdelhanty3o@livejournal.com,2636,Canada
887,Danice MacMaster,dmacmasterom@smh.com.au,4897,USA
890,Francklyn Upcraft,fupcraftop@berkeley.edu,4891,USA
903,Maris Rickeard,mrickeardp2@zimbio.com,4891,USA
553,Megan Tellett,mtellettfc@arstechnica.com,4885,USA
444,Shelley Brahams,sbrahamscb@guardian.co.uk,4884,USA
316,Alden Capehorn,acapehorn8r@4shared.com,4883,USA
915,Martica Wreak,mwreakpe@bbc.co.uk,4771,India
536,Shermy Guilliland,sguillilandev@skype.com,4880,USA
142,Daloris Godsal,dgodsal3x@google.com.br,3171,Canada
143,Brittney Zink,bzink3y@usnews.com,2007,Canada
144,Forrest Clixby,fclixby3z@nasa.gov,4042,Canada
589,Edmon Salmon,esalmongc@ezinearticles.com,4880,USA
146,Miquela Willder,mwillder41@ask.com,3881,Canada
362,Hort Tooke,htookea1@biblegateway.com,4879,USA
148,Boote Cushworth,bcushworth43@vk.com,3423,Canada
149,Hannis Rawlings,hrawlings44@discovery.com,2060,Canada
634,Karissa Rain,krainhl@nps.gov,4879,USA
378,Thomasina Ledson,tledsonah@ox.ac.uk,4876,USA
549,Channa Manjot,cmanjotf8@go.com,4875,USA
289,Correy Bruck,cbruck80@domainmarket.com,4869,USA
5,Teresa Arrault,tarrault4@prweb.com,4855,USA
412,Brice Cornil,bcornilbf@admin.ch,4854,USA
591,Sharla Lamborne,slambornege@simplemachines.org,4854,USA
383,Kristofer Cabbell,kcabbellam@patch.com,4845,USA
158,Durand Barrowclough,dbarrowclough4d@house.gov,2346,Canada
755,Delcina Blincko,dblinckoky@youtu.be,4842,USA
488,Cathryn Babbe,cbabbedj@bluehost.com,4841,USA
4,Koo Cecely,kcecely3@boston.com,4835,USA
475,Marys Heinemann,mheinemannd6@theguardian.com,4820,USA
558,Danyelle Moulson,dmoulsonfh@ehow.com,4820,USA
164,Jesus Heeran,jheeran4j@netlog.com,4986,Canada
672,Arvy Beardsall,abeardsallin@walmart.com,4808,USA
422,Hercule Kimmitt,hkimmittbp@hp.com,4807,USA
602,Theresa Woffenden,twoffendengp@harvard.edu,4803,USA
866,Thomasina Tapply,ttapplyo1@loc.gov,4787,USA
169,Anastasie Pellant,apellant4o@ucla.edu,3277,Canada
166,Valentin Seeley,vseeley4l@last.fm,4785,USA
171,Nigel Gammill,ngammill4q@techcrunch.com,2276,Canada
176,Jewelle Wilkennson,jwilkennson4v@patch.com,4779,USA
725,Abbey Persent,apersentk4@about.me,4769,USA
317,Hilliard Kmiec,hkmiec8s@opera.com,4766,USA
464,Cornela Laxson,claxsoncv@zdnet.com,4759,USA
520,Corry Sponder,csponderef@jigsy.com,4739,USA
486,Helaina Maylott,hmaylottdh@slideshare.net,4736,USA
178,Delbert Presho,dpresho4x@state.gov,3844,Canada
788,Hedwig Chadbourne,hchadbournelv@hexun.com,4736,USA
554,Reeva Bainbridge,rbainbridgefd@uiuc.edu,4733,USA
674,Fredrika Robiot,frobiotip@psu.edu,4732,USA
699,Fredericka Aleksandrov,faleksandrovje@istockphoto.com,4719,USA
631,Nathan Rishbrook,nrishbrookhi@cdbaby.com,4715,USA
184,Verge Haimes,vhaimes53@usda.gov,4836,Canada
120,Gearard Blague,gblague3b@unesco.org,4709,USA
186,Hi Darey,hdarey55@umich.edu,3635,Canada
968,Beverley Wyss,bwyssqv@sun.com,4708,USA
188,Giulia Samson,gsamson57@alibaba.com,2227,Canada
330,Kevon Willmer,kwillmer95@odnoklassniki.ru,4697,USA
656,Ber Sibbald,bsibbaldi7@e-recht24.de,4697,USA
191,Joelie Willerson,jwillerson5a@i2i.jp,2502,Canada
192,Jocelyn Sylvester,jsylvester5b@weather.com,2430,Canada
229,Pammy Erswell,perswell6c@state.tx.us,4695,USA
194,Lenna Haynes,lhaynes5d@paginegialle.it,2037,Canada
462,Sadella Gyppes,sgyppesct@icio.us,4694,USA
512,Tedmund Lathwell,tlathwelle7@addtoany.com,4693,USA
197,Cindi Reddy,creddy5g@artisteer.com,3047,Canada
198,Iseabal Kirckman,ikirckman5h@posterous.com,4142,Canada
220,Taddeusz Stonard,tstonard63@hp.com,4684,USA
804,Giffer Berzon,gberzonmb@tripadvisor.com,4680,USA
243,Helen Collier,hcollier6q@de.vu,4673,USA
202,Jarib Twyford,jtwyford5l@cisco.com,2131,Canada
364,Alano Gipp,agippa3@auda.org.au,4672,USA
129,Alvan Huke,ahuke3k@gnu.org,4671,USA
683,Kerwinn Beverstock,kbeverstockiy@ihg.com,4659,USA
153,Cilka Biddiss,cbiddiss48@vistaprint.com,4655,USA
466,Eddie Dawtrey,edawtreycx@smugmug.com,4652,USA
208,Skipton Levington,slevington5r@wikispaces.com,2127,Canada
781,Rossie Lesper,rlesperlo@51.la,4652,USA
420,Artus Corson,acorsonbn@zimbio.com,4644,USA
973,Muire Chappel,mchappelr0@jigsy.com,4643,USA
460,Dorisa Andreone,dandreonecr@google.com.au,4641,USA
746,Cedric Rechert,crechertkp@columbia.edu,4641,USA
214,Deane Silverthorn,dsilverthorn5x@businesswire.com,4834,Canada
617,Rodrigo Blunn,rblunnh4@businessweek.com,4632,USA
598,Amil Milstead,amilsteadgl@wsj.com,4628,USA
643,Hunt Jelks,hjelkshu@eventbrite.com,4617,USA
298,Alma Perett,aperett89@cafepress.com,4614,USA
219,Anatol Capelin,acapelin62@ustream.tv,4508,Canada
969,Monroe Chant,mchantqw@google.com.au,4613,USA
435,Elwin Arnell,earnellc2@istockphoto.com,4610,USA
222,Brody Tregonna,btregonna65@wikia.com,3279,Canada
223,Fonz Trehearne,ftrehearne66@google.nl,2615,Canada
224,Jaquenette Haberjam,jhaberjam67@prnewswire.com,2599,Canada
700,Randie Kirkby,rkirkbyjf@themeforest.net,4610,USA
226,Ivan Poole,ipoole69@goo.ne.jp,4177,Canada
430,Monika Tourry,mtourrybx@hibu.com,4609,USA
228,Bridie Renne,brenne6b@wp.com,3947,Canada
434,Reg Yendle,ryendlec1@goodreads.com,4609,USA
187,Octavius Portman,oportman56@pen.io,4606,USA
370,Lise Weldrake,lweldrakea9@gizmodo.com,4599,USA
825,Rustie Dible,rdiblemw@reddit.com,4599,USA
467,Lizette Wilderspoon,lwilderspooncy@google.cn,4592,USA
234,Kym Hartzogs,khartzogs6h@about.me,2802,Canada
235,Kort Tantrum,ktantrum6i@sakura.ne.jp,2528,Canada
313,Panchito Hemshall,phemshall8o@dot.gov,4577,USA
436,David Mabbe,dmabbec3@discovery.com,4566,USA
230,Enos Manston,emanston6d@vk.com,4564,USA
519,Pernell Sanbrooke,psanbrookeee@blogger.com,4560,USA
257,Vania Dunsmore,vdunsmore74@who.int,4554,USA
241,Ermin Rolfe,erolfe6o@cyberchimps.com,4786,Canada
801,Sigmund Emanulsson,semanulssonm8@vinaora.com,4537,USA
531,Karyl Balog,kbalogeq@slideshare.net,4503,USA
717,Wandie Ber,wberjw@altervista.org,4501,USA
337,Izaak Gordge,igordge9c@odnoklassniki.ru,4497,USA
209,Shandy Aizik,saizik5s@wordpress.org,4496,USA
247,Clarine Brisco,cbrisco6u@jalbum.net,4148,Canada
771,Constancy Happer,chapperle@bandcamp.com,4495,USA
387,Berta Dennis,bdennisaq@csmonitor.com,4480,USA
250,Jeremiah Stadding,jstadding6x@biglobe.ne.jp,2482,Canada
923,Coretta Scedall,cscedallpm@people.com.cn,4474,USA
252,Byram Forlong,bforlong6z@vistaprint.com,4205,Canada
253,Inessa Fleis,ifleis70@domainmarket.com,4501,Canada
855,Valle Chudleigh,vchudleighnq@facebook.com,4469,USA
272,Sargent Canedo,scanedo7j@whitehouse.gov,4459,USA
263,Worthy Swinney,wswinney7a@rediff.com,4452,USA
732,Klarika O'Nions,konionskb@joomla.org,4452,USA
480,Ignacio Minto,imintodb@ycombinator.com,4446,USA
259,Lefty Stollard,lstollard76@devhub.com,3039,Canada
260,Monroe Granham,mgranham77@free.fr,3477,Canada
261,Gordon Gile,ggile78@vkontakte.ru,3163,Canada
262,Brita Weblin,bweblin79@skype.com,3460,Canada
530,Heinrick Stratiff,hstratiffep@amazon.de,4443,USA
264,Kore Guinnane,kguinnane7b@walmart.com,2872,Canada
282,Kalila Kaplin,kkaplin7t@seesaa.net,4441,USA
470,Werner Firminger,wfirmingerd1@si.edu,4437,USA
395,Jaquelin Furnival,jfurnivalay@discovery.com,4429,USA
268,Freeland Briscoe,fbriscoe7f@princeton.edu,2031,Canada
269,Margy Schuricke,mschuricke7g@prlog.org,4007,Canada
677,Glynda Haggett,ghaggettis@gnu.org,4429,USA
271,Veronika Mazzey,vmazzey7i@cnn.com,2535,Canada
280,Karina Grugerr,kgrugerr7r@deviantart.com,4425,USA
707,Maurizio Chattelaine,mchattelainejm@angelfire.com,4424,USA
274,Fawne Wrintmore,fwrintmore7l@dailymotion.com,4251,Canada
318,Gerick Adrian,gadrian8t@craigslist.org,4422,USA
355,Morna Bancroft,mbancroft9u@abc.net.au,4422,USA
277,Joelly Labadini,jlabadini7o@soup.io,2776,Canada
325,Chrissy Stallworthy,cstallworthy90@360.cn,4414,USA
793,Babs Hattiff,bhattiffm0@prweb.com,4413,USA
943,Katharina Cornelius,kcorneliusq6@shutterfly.com,4411,USA
630,Darb Smallcombe,dsmallcombehh@wikipedia.org,4410,USA
388,Susannah Presman,spresmanar@webmd.com,4407,USA
283,Suzanna Teesdale,steesdale7u@webs.com,4434,Canada
200,Corri Amyes,camyes5j@gov.uk,4406,USA
762,Maurie Gerhts,mgerhtsl5@sina.com.cn,4398,USA
361,Yuri Eliot,yeliota0@wikia.com,4395,USA
287,Liesa Girardini,lgirardini7y@xrea.com,4002,Canada
909,Casie Dunckley,cdunckleyp8@etsy.com,4388,USA
528,Nikki Gribble,ngribbleen@state.tx.us,4377,USA
290,Jessey Johnstone,jjohnstone81@accuweather.com,4689,Canada
291,Justina Brecon,jbrecon82@dyndns.org,3229,Canada
703,Ashly Moyne,amoyneji@altervista.org,4366,USA
638,Kathie Keaves,kkeaveshp@java.com,4365,USA
964,Oates Giacobini,ogiacobiniqr@instagram.com,4362,USA
398,Brandy Bestwick,bbestwickb1@youtu.be,4360,USA
573,Tammie MacAlees,tmacaleesfw@xrea.com,4360,USA
977,Hadlee Gurry,hgurryr4@prweb.com,4353,USA
704,Lurline Upson,lupsonjj@xrea.com,4351,USA
299,Friederike Nozzolii,fnozzolii8a@icio.us,4291,Canada
787,Ethelbert Dewerson,edewersonlu@naver.com,4343,USA
174,Fiona Furniss,ffurniss4t@mapy.cz,4337,USA
302,Margaretta Rickcord,mrickcord8d@spiegel.de,4759,Canada
384,Kiley Bastide,kbastidean@google.de,4325,USA
242,Krissy Leebetter,kleebetter6p@livejournal.com,4324,USA
305,Shelley Tunn,stunn8g@csmonitor.com,4162,Canada
306,Kori Huey,khuey8h@4shared.com,2593,Canada
294,Lanni Clemonts,lclemonts85@google.pl,4322,USA
308,Kendra Guymer,kguymer8j@bluehost.com,3937,Canada
115,Cori Hadeke,chadeke36@china.com.cn,4321,USA
417,Timothea Lilford,tlilfordbk@theatlantic.com,4321,USA
311,Domini Dabinett,ddabinett8m@twitpic.com,3510,Canada
312,Cherilyn Richten,crichten8n@ed.gov,2842,Canada
450,Tilly Algeo,talgeoch@harvard.edu,4310,USA
314,Sheree Cuttell,scuttell8p@networksolutions.com,3700,Canada
177,Dynah Perkins,dperkins4w@scientificamerican.com,4305,USA
471,Maurits Lineen,mlineend2@miitbeian.gov.cn,4297,USA
610,Germana Yve,gyvegx@nba.com,4292,USA
999,Aileen Matthieson,amatthiesonrq@statcounter.com,4292,USA
319,Guilbert Ottewell,gottewell8u@columbia.edu,4847,Canada
10,Lee Villalta,lvillalta9@hexun.com,4274,USA
627,Myriam Boulde,mbouldehe@answers.com,4274,USA
221,Trisha Santarelli,tsantarelli64@163.com,4271,USA
151,Korrie McKelvie,kmckelvie46@usda.gov,4270,USA
324,Katrinka Danniel,kdanniel8z@youtu.be,3047,Canada
992,Olimpia Kelsall,okelsallrj@usa.gov,4267,USA
376,Violette Dulanty,vdulantyaf@canalblog.com,4266,USA
971,Moshe Core,mcoreqy@guardian.co.uk,4266,USA
349,Ware Ilyenko,wilyenko9o@360.cn,4263,USA
879,Sterling Bramall,sbramalloe@alexa.com,4254,USA
156,Blinny Belhome,bbelhome4b@reverbnation.com,4237,USA
476,Rivy Niblett,rniblettd7@ezinearticles.com,4232,USA
624,Lexie Mcmanaman,lmcmanamanhb@economist.com,4228,USA
333,Therese Seid,tseid98@techcrunch.com,4856,Canada
334,Nan Biddles,nbiddles99@nps.gov,4451,Canada
856,Kort Duddle,kduddlenr@spotify.com,4228,USA
336,Vance Scamerden,vscamerden9b@shinystat.com,3531,Canada
397,Der Pimblett,dpimblettb0@is.gd,4225,USA
227,Nata Klejna,nklejna6a@dagondesign.com,4217,USA
339,Flem Gonnely,fgonnely9e@shutterfly.com,4667,Canada
952,Dave Deluze,ddeluzeqf@princeton.edu,4214,USA
761,Lonna Fairhead,lfairheadl4@goodreads.com,4210,USA
342,Remy Scrimgeour,rscrimgeour9h@un.org,2214,Canada
135,Alexandra Beecker,abeecker3q@wikispaces.com,4205,USA
926,Clareta Sabine,csabinepp@google.co.jp,4203,USA
345,Larina Bazoge,lbazoge9k@squidoo.com,4176,Canada
651,Desiree Getten,dgetteni2@google.ca,4194,USA
347,Mel Merredy,mmerredy9m@simplemachines.org,4981,Canada
348,Frazier Tolman,ftolman9n@springer.com,3924,Canada
642,Helsa Haddow,hhaddowht@yandex.ru,4190,USA
350,Thebault Scoterbosh,tscoterbosh9p@va.gov,2055,Canada
351,Goldina Pea,gpea9q@google.co.jp,4877,Canada
352,Shanta Lease,slease9r@youku.com,3958,Canada
516,Claudio Leyburn,cleyburneb@wikia.com,4184,USA
606,Corrianne Lefley,clefleygt@nba.com,4180,USA
175,Galvan Feltham,gfeltham4u@networksolutions.com,4172,USA
327,Kerr Neissen,kneissen92@go.com,4172,USA
9,Madella Ebrall,mebrall8@cafepress.com,4171,USA
805,Michaella Meah,mmeahmc@ifeng.com,4166,USA
359,Korney Crookshank,kcrookshank9y@dell.com,2361,Canada
360,Shel Howsego,showsego9z@bluehost.com,2951,Canada
913,Kelsy Jammes,kjammespc@mashable.com,4166,USA
545,Mahalia Colebourn,mcolebournf4@illinois.edu,4162,USA
369,Irma Henric,ihenrica8@elegantthemes.com,4159,USA
763,Alexio Rugge,aruggel6@digg.com,4155,USA
244,Norman Cossey,ncossey6r@japanpost.jp,4153,USA
489,Darryl Bakes,dbakesdk@360.cn,4137,USA
367,Lucho Ramsby,lramsbya6@wiley.com,4247,Canada
368,Shawna Skeemor,sskeemora7@hexun.com,4799,Canada
876,Christophe Bletsor,cbletsorob@pen.io,4128,USA
833,Talbot Handrok,thandrokn4@dyndns.org,4121,USA
152,Augustina Hebborn,ahebborn47@go.com,4114,USA
113,Darrell Harsum,dharsum34@ucoz.ru,4104,USA
249,Ev Cosser,ecosser6w@slate.com,4104,USA
236,Esmaria Matijevic,ematijevic6j@reddit.com,4103,USA
375,Elwira Firmin,efirminae@amazon.co.uk,4859,Canada
245,Lesli Mager,lmager6s@wix.com,4096,USA
929,Penny Tams,ptamsps@studiopress.com,4087,USA
723,Violet Stellino,vstellinok2@cmu.edu,4071,USA
437,Hamel Lernihan,hlernihanc4@nsw.gov.au,4070,USA
681,Nolie Capeloff,ncapeloffiw@rakuten.co.jp,4070,USA
381,Tatiania Handley,thandleyak@icq.com,3066,Canada
641,Lettie McKeurton,lmckeurtonhs@stumbleupon.com,4066,USA
931,Belicia Coyish,bcoyishpu@blogs.com,4066,USA
401,Gavan Allitt,gallittb4@google.nl,4063,USA
889,Raimund Grote,rgroteoo@phpbb.com,4062,USA
386,Angele Blowick,ablowickap@cbc.ca,4516,Canada
599,Bartolomeo Duffree,bduffreegm@nyu.edu,4049,USA
424,Dwain Larmour,dlarmourbr@quantcast.com,4043,USA
389,Ebba Rakestraw,erakestrawas@upenn.edu,4508,Canada
390,Ilene Barradell,ibarradellat@weather.com,4921,Canada
515,Norrie Bramelt,nbrameltea@domainmarket.com,4039,USA
392,Fax Barnaclough,fbarnacloughav@foxnews.com,2146,Canada
393,Amelia Foulks,afoulksaw@eepurl.com,2357,Canada
203,Gwendolyn Boulde,gboulde5m@mapquest.com,4033,USA
764,Domeniga Bony,dbonyl7@google.com.au,4029,USA
396,Farah L'Hommee,flhommeeaz@flickr.com,3115,Canada
453,Shalne Ashdown,sashdownck@ameblo.jp,4028,USA
155,Benedikt Friar,bfriar4a@ebay.com,4020,USA
399,Caprice Elvish,celvishb2@sohu.com,4291,Canada
354,Conrado Kirtley,ckirtley9t@netscape.com,4019,USA
128,Austine Turford,aturford3j@hostgator.com,3998,USA
402,Bram Rosenzveig,brosenzveigb5@jimdo.com,4572,Canada
403,Siegfried Cosford,scosfordb6@wp.com,4905,Canada
404,Myrtie Faltin,mfaltinb7@narod.ru,3581,Canada
405,Clayborn Dineges,cdinegesb8@elegantthemes.com,4933,Canada
406,Jemima Stangoe,jstangoeb9@yelp.com,4311,Canada
518,Ellwood Sanzio,esanzioed@studiopress.com,3998,USA
647,Hamilton McKibbin,hmckibbinhy@xrea.com,3997,USA
409,Judah Redwood,jredwoodbc@go.com,4324,Canada
582,Karlyn Pentercost,kpentercostg5@chron.com,3982,USA
569,Carmen Coger,ccogerfs@census.gov,3975,USA
758,Shawn Stoodley,sstoodleyl1@netscape.com,3973,USA
942,Gale Prangle,gprangleq5@discuz.net,3970,USA
714,Waldemar Binestead,wbinesteadjt@seattletimes.com,3969,USA
382,Eydie Rogerot,erogerotal@discovery.com,3968,USA
678,Letisha Cronshaw,lcronshawit@rakuten.co.jp,3961,USA
511,Averil Allberry,aallberrye6@unesco.org,3960,USA
418,Nesta Cessford,ncessfordbl@woothemes.com,2521,Canada
206,Joete Pinckney,jpinckney5p@pcworld.com,3959,USA
212,Dal Blanchflower,dblanchflower5v@exblog.jp,3955,USA
240,Cherianne Shankle,cshankle6n@wsj.com,3954,USA
576,Wat Paulsson,wpaulssonfz@paypal.com,3950,USA
237,Ingra Joslyn,ijoslyn6k@seesaa.net,3948,USA
632,Teddie Heinish,theinishhj@google.pl,3947,USA
965,Kalle Fromont,kfromontqs@cnet.com,3944,USA
426,Wilow Rookesby,wrookesbybt@springer.com,4219,Canada
427,Louie Stonehouse,lstonehousebu@home.pl,4217,Canada
693,Seka Coche,scochej8@elegantthemes.com,3943,USA
429,Thoma Gilbeart,tgilbeartbw@census.gov,4612,Canada
517,Corty Chessill,cchessillec@privacy.gov.au,3932,USA
874,Dorthea Philpault,dphilpaulto9@simplemachines.org,3926,USA
328,Salvatore Heamus,sheamus93@harvard.edu,3922,USA
433,Kirbie Bennetto,kbennettoc0@europa.eu,3876,Canada
810,Starlin Kuhle,skuhlemh@instagram.com,3918,USA
838,Jennifer Appleton,jappletonn9@wiley.com,3913,USA
139,Rickie Fensome,rfensome3u@auda.org.au,3912,USA
978,Puff Calafato,pcalafator5@ox.ac.uk,3909,USA
945,Brocky Smedmore,bsmedmoreq8@cmu.edu,3901,USA
439,Netti Clitherow,nclitherowc6@eventbrite.com,4254,Canada
440,Brade Holt,bholtc7@fda.gov,3340,Canada
441,Earlie Mityushkin,emityushkinc8@phpbb.com,4998,Canada
145,Christin Whatman,cwhatman40@pinterest.com,3898,USA
455,Dennie Milbourne,dmilbournecm@gov.uk,3896,USA
740,Barri Padmore,bpadmorekj@walmart.com,3895,USA
193,Fairleigh Setch,fsetch5c@microsoft.com,3894,USA
994,Whitney Lievesley,wlievesleyrl@dyndns.org,3887,USA
447,Ashli Ridulfo,aridulfoce@uiuc.edu,2862,Canada
320,Renell Kiezler,rkiezler8v@yahoo.co.jp,3885,USA
183,Herbert Redsell,hredsell52@privacy.gov.au,3874,USA
694,Dane Scala,dscalaj9@cbc.ca,3859,USA
593,Devinne Cready,dcreadygg@webeden.co.uk,3858,USA
867,Amii Reddell,areddello2@sitemeter.com,3857,USA
938,Elmo McCleverty,emcclevertyq1@ycombinator.com,3857,USA
454,Dorian Lenihan,dlenihancl@oaic.gov.au,3778,Canada
966,Catarina Troubridge,ctroubridgeqt@biblegateway.com,3855,USA
138,Laurence Revie,lrevie3t@apache.org,3843,USA
733,Sophi Dachs,sdachskc@usda.gov,3839,USA
976,Ashton Falla,afallar3@engadget.com,3837,USA
661,Hilda Aslam,haslamic@qq.com,3834,USA
7,Barbe Binney,bbinney6@apple.com,3820,USA
246,Lisabeth Punchard,lpunchard6t@bizjournals.com,3819,USA
711,Halette Danilyuk,hdanilyukjq@deviantart.com,3817,USA
256,Liam Chillingsworth,lchillingsworth73@amazon.co.jp,3816,USA
335,Bronny Cotter,bcotter9a@google.com,3814,USA
275,Levi Scocroft,lscocroft7m@edublogs.org,3801,USA
894,Delbert MacIlhargy,dmacilhargyot@bloglines.com,3796,USA
652,Orlan Belliveau,obelliveaui3@a8.net,3788,USA
468,Walker Woodham,wwoodhamcz@shutterfly.com,2065,Canada
431,Bearnard Rodbourne,brodbourneby@cornell.edu,3782,USA
557,Kaila Arnatt,karnattfg@soundcloud.com,3774,USA
595,Daron Estcourt,destcourtgi@reddit.com,3769,USA
472,Jimmy Bythell,jbythelld3@oakley.com,2873,Canada
774,Raimund Keningley,rkeningleylh@people.com.cn,3768,USA
713,Guinna O'Drought,godroughtjs@archive.org,3766,USA
239,Nicolas Slessor,nslessor6m@discovery.com,3760,USA
827,Bess Truswell,btruswellmy@barnesandnoble.com,3760,USA
477,Benji Faveryear,bfaveryeard8@devhub.com,4960,Canada
428,Brina Petrishchev,bpetrishchevbv@baidu.com,3757,USA
442,Theo Greep,tgreepc9@de.vu,3756,USA
633,Torrie Beadell,tbeadellhk@google.com.hk,3744,USA
481,Demetrius Casely,dcaselydc@ehow.com,3220,Canada
482,Missy Degoix,mdegoixdd@mayoclinic.com,4791,Canada
310,Lillis Glenton,lglenton8l@theguardian.com,3743,USA
484,Lindsy Addey,laddeydf@squidoo.com,2973,Canada
485,Andree Mabb,amabbdg@washingtonpost.com,4786,Canada
414,Hildagard Wessing,hwessingbh@salon.com,3742,USA
487,Mag Gimlet,mgimletdi@cpanel.net,2620,Canada
708,Eugenio Killen,ekillenjn@dedecms.com,3741,USA
858,Quillan Brabant,qbrabantnt@uiuc.edu,3740,USA
490,Etta Corradino,ecorradinodl@technorati.com,3618,Canada
505,Petronille Jeggo,pjeggoe0@globo.com,3736,USA
662,Stanislaus McCurrie,smccurrieid@springer.com,3732,USA
811,Sol Oattes,soattesmi@pcworld.com,3728,USA
380,Haskel Allebone,halleboneaj@sitemeter.com,3726,USA
495,Ardelis Kier,akierdq@prnewswire.com,3708,Canada
742,Ezekiel Rosser,erosserkl@icq.com,3722,USA
117,Fifine Sedgwick,fsedgwick38@discovery.com,3710,USA
585,Shelley Caldayrou,scaldayroug8@quantcast.com,3706,USA
687,Cy Biaggiotti,cbiaggiottij2@constantcontact.com,3690,USA
500,Frank Harner,fharnerdv@nhs.uk,3962,Canada
896,Reeta Micheu,rmicheuov@hugedomains.com,3687,USA
502,Susanna Swetland,sswetlanddx@is.gd,2645,Canada
258,Maire Bramley,mbramley75@cbsnews.com,3682,USA
504,Phoebe Klassmann,pklassmanndz@webnode.com,3311,Canada
655,Valle Hucklesby,vhucklesbyi6@flickr.com,3674,USA
506,Roddy Buddles,rbuddlese1@gnu.org,3100,Canada
613,Sheffie Kingsland,skingslandh0@prnewswire.com,3673,USA
508,Carmelina Heintzsch,cheintzsche3@uol.com.br,2732,Canada
509,Claudie Joist,cjoiste4@blogs.com,3112,Canada
510,Micheal Cosgrive,mcosgrivee5@narod.ru,4743,Canada
366,Ennis Grouen,egrouena5@pinterest.com,3671,USA
918,Ben Weatherhead,bweatherheadph@intel.com,3670,USA
706,Ranice Buckston,rbuckstonjl@craigslist.org,3667,USA
514,Terrance Willmore,twillmoree9@taobao.com,4816,Canada
529,Gwenora Seamark,gseamarkeo@tripod.com,3659,USA
869,Leena McLagan,lmclagano4@yahoo.co.jp,3647,USA
301,Francklin Messam,fmessam8c@ustream.tv,3641,USA
756,Godiva Senescall,gsenescallkz@theguardian.com,3628,USA
321,Gherardo Stansby,gstansby8w@dyndns.org,3604,USA
823,Booth Mackilpatrick,bmackilpatrickmu@unc.edu,3604,USA
121,Leonhard Henaughan,lhenaughan3c@tiny.cc,3603,USA
900,Jerrilee Davidsohn,jdavidsohnoz@reuters.com,3600,USA
2,Rodd Skrzynski,rskrzynski1@deliciousdays.com,3598,USA
580,Cointon Cork,ccorkg3@nytimes.com,3589,USA
927,Ashli Wyldes,awyldespq@facebook.com,3584,USA
526,Ike Haizelden,ihaizeldenel@studiopress.com,2317,Canada
527,Danit Lucas,dlucasem@diigo.com,2278,Canada
637,Blondelle Heaysman,bheaysmanho@goodreads.com,3581,USA
365,Des Abbitt,dabbitta4@who.int,3577,USA
601,Raymond Torald,rtoraldgo@cpanel.net,3576,USA
961,Babita Keenor,bkeenorqo@comcast.net,3575,USA
532,Carline Mcettrick,cmcettricker@drupal.org,2490,Canada
533,Nady Grogono,ngrogonoes@chicagotribune.com,4439,Canada
534,Donaugh Redish,dredishet@merriam-webster.com,4371,Canada
535,Parsifal Ferriby,pferribyeu@telegraph.co.uk,2656,Canada
981,Alon Paschke,apaschker8@yellowpages.com,3562,USA
537,Erin Chapier,echapierew@twitpic.com,2524,Canada
538,Woodrow Dyke,wdykeex@bloomberg.com,4770,Canada
872,Basia Cleave,bcleaveo7@yandex.ru,3560,USA
540,Lynnelle Dracksford,ldracksfordez@dyndns.org,3916,Canada
839,Evangeline Housam,ehousamna@dailymail.co.uk,3554,USA
498,Gizela Worviell,gworvielldt@pcworld.com,3547,USA
901,Issy Nestoruk,inestorukp0@posterous.com,3547,USA
544,Janith Riolfo,jriolfof3@skype.com,2774,Canada
483,Lyndsie Grove,lgrovede@domainmarket.com,3546,USA
546,Roze Halfhyde,rhalfhydef5@studiopress.com,3963,Canada
547,Pietro Witch,pwitchf6@scribd.com,2286,Canada
548,Martita Bode,mbodef7@npr.org,2342,Canada
752,Zachery Cunniam,zcunniamkv@nydailynews.com,3544,USA
273,Zebulen Ivett,zivett7k@craigslist.org,3534,USA
551,Angelico Tiffney,atiffneyfa@dedecms.com,2203,Canada
331,Allie Synnott,asynnott96@newsvine.com,3521,USA
286,Taber Merrill,tmerrill7x@domainmarket.com,3520,USA
571,Griffith Bynert,gbynertfu@indiegogo.com,3508,USA
555,Aliza Filipson,afilipsonfe@domainmarket.com,2594,Canada
690,Romy Brugden,rbrugdenj5@vinaora.com,3506,USA
851,Hattie McNeice,hmcneicenm@bing.com,3504,USA
861,Della Keysall,dkeysallnw@slate.com,3500,USA
559,Bambie Pauly,bpaulyfi@google.de,3738,Canada
159,Seamus Mattea,smattea4e@mlb.com,3497,USA
561,Kelcie Duinkerk,kduinkerkfk@seesaa.net,2848,Canada
562,Lemmy Macguire,lmacguirefl@statcounter.com,2868,Canada
563,Jacquenette Cockings,jcockingsfm@nhs.uk,2466,Canada
712,Sutton Tomashov,stomashovjr@netlog.com,3493,USA
461,Reiko Dent,rdentcs@nhs.uk,3489,USA
650,Emmerich Splain,esplaini1@clickbank.net,3488,USA
567,Alyosha Poleykett,apoleykettfq@bloglines.com,3850,Canada
568,Laure Bovis,lbovisfr@behance.net,4345,Canada
906,Minnie Ivachyov,mivachyovp5@gizmodo.com,3487,USA
423,Cyndie Ellesmere,cellesmerebq@aboutads.info,3483,USA
196,Ikey Quiddihy,iquiddihy5f@php.net,3475,USA
950,Vaughan Grimsdike,vgrimsdikeqd@amazonaws.com,3468,USA
326,Regan Prangley,rprangley91@icq.com,3464,USA
574,Charlena Russell,crussellfx@e-recht24.de,3410,Canada
575,Shelley Jorez,sjorezfy@nationalgeographic.com,4996,Canada
552,Angelico Holttom,aholttomfb@gmpg.org,3464,USA
577,Daren Hardiker,dhardikerg0@1und1.de,4773,Canada
578,Adoree Mertin,amerting1@oaic.gov.au,2626,Canada
579,Giacomo De Castri,gdeg2@dagondesign.com,3899,Canada
161,Allix Blacklawe,ablacklawe4g@china.com.cn,3459,USA
581,Evaleen MacGiany,emacgianyg4@sphinn.com,3580,Canada
697,Sherwynd Squelch,ssquelchjc@instagram.com,3451,USA
754,Daryl Cleland,dclelandkx@gravatar.com,3450,USA
584,Kordula Yakuntsov,kyakuntsovg7@nih.gov,3971,Canada
797,Earl Thiese,ethiesem4@sciencedaily.com,3438,USA
586,Liz Milsom,lmilsomg9@quantcast.com,3666,Canada
587,Maressa Gabbatt,mgabbattga@bbb.org,3420,Canada
583,Ozzy Kibel,okibelg6@imgur.com,3427,USA
612,Buckie Goley,bgoleygz@typepad.com,3411,USA
225,Dede Tackes,dtackes68@gravatar.com,3409,USA
941,Cos Rennix,crennixq4@blogger.com,3409,USA
6,Victoria Abel,vabel5@bravesites.com,3390,USA
594,Gerianne Pead,gpeadgh@sourceforge.net,3389,USA
925,Jozef Hastwall,jhastwallpo@statcounter.com,3383,USA
478,Kenyon Sign,ksignd9@mail.ru,3382,USA
596,Yevette Easson,yeassongj@unblog.fr,3403,Canada
281,Bennett Fallow,bfallow7s@reference.com,3375,USA
160,Brod Bussons,bbussons4f@de.vu,3374,USA
891,Ole Rigeby,origebyoq@yahoo.co.jp,3373,USA
600,Audrie Sumpter,asumptergn@google.co.jp,2885,Canada
391,Jeniffer Headford,jheadfordau@ycombinator.com,3364,USA
664,Neal Pellman,npellmanif@go.com,3361,USA
603,Travus Bedder,tbeddergq@disqus.com,3561,Canada
604,Brandise Muriel,bmurielgr@nytimes.com,3010,Canada
605,Katheryn d' Eye,kdgs@ameblo.jp,2409,Canada
329,Davon Bruckstein,dbruckstein94@scientificamerican.com,3359,USA
830,Mariana Dimitresco,mdimitrescon1@answers.com,3347,USA
734,Barnabas Loren,blorenkd@ovh.net,3344,USA
609,Roxanna Petegrew,rpetegrewgw@gmpg.org,4940,Canada
141,Jeramie Tomczynski,jtomczynski3w@canalblog.com,3340,USA
140,Keven Olpin,kolpin3v@apache.org,4231,India
618,Jolyn Dunk,jdunkh5@liveinternet.ru,3340,USA
932,Faun Boomes,fboomespv@flickr.com,3339,USA
614,Uriel Perree,uperreeh1@jiathis.com,4289,Canada
572,Currey Marzellano,cmarzellanofv@bravesites.com,3328,USA
902,Brew Flemming,bflemmingp1@kickstarter.com,3326,USA
619,Bernardine Fratson,bfratsonh6@berkeley.edu,3313,USA
255,Dorthea Grose,dgrose72@creativecommons.org,3310,USA
304,Rhodie Lidgard,rlidgard8f@guardian.co.uk,3309,USA
620,Nedda Outerbridge,nouterbridgeh7@ehow.com,4258,Canada
738,Kirsteni Antonazzi,kantonazzikh@geocities.jp,3305,USA
622,Lucais Forrington,lforringtonh9@mail.ru,2188,Canada
170,Dehlia Bransby,dbransby4p@netvibes.com,3300,USA
985,Friedrich Peterkin,fpeterkinrc@hexun.com,3300,USA
501,Eloisa Frayne,efraynedw@upenn.edu,3293,USA
284,Shaughn Chattington,schattington7v@xrea.com,3281,USA
626,Eddie Aps,eapshd@wunderground.com,3277,USA
513,Bary Saice,bsaicee8@oracle.com,3272,USA
953,Bink Quillinane,bquillinaneqg@ftc.gov,3268,USA
358,Chloe Muddimer,cmuddimer9x@google.ru,3264,USA
122,Jilli Feyer,jfeyer3d@is.gd,3263,USA
667,Melinda Frowen,mfrowenii@fc2.com,3258,USA
445,Fredelia Pilfold,fpilfoldcc@163.com,3255,USA
377,Cameron Skudder,cskudderag@edublogs.org,3251,USA
765,Xymenes Biggen,xbiggenl8@sakura.ne.jp,3245,USA
636,Ferne Heaps,fheapshn@gmpg.org,4265,Canada
979,Hanna Mantle,hmantler6@cyberchimps.com,3240,USA
210,Beltran Welbelove,bwelbelove5t@google.it,3230,USA
639,Vaclav Dri,vdrihq@deliciousdays.com,4196,Canada
407,Dena Hadleigh,dhadleighba@census.gov,3230,USA
812,Carce Teall,cteallmj@qq.com,3229,USA
775,Mirna Goodding,mgooddingli@flickr.com,3225,USA
666,Sande Mantrip,smantripih@ox.ac.uk,3224,USA
1,Gert Cesaric,gcesaric0@issuu.com,3223,USA
645,Lyndell Cuchey,lcucheyhw@ebay.co.uk,2998,Canada
995,Cairistiona Gatiss,cgatissrm@dailymail.co.uk,3222,USA
132,Stearne Alexsandrev,salexsandrev3n@squarespace.com,3214,USA
285,Bat Clutheram,bclutheram7w@msn.com,3212,USA
689,Jocelyn Hubbard,jhubbardj4@a8.net,3201,USA
659,Viviene Guwer,vguweria@theguardian.com,3188,USA
204,Marilin Glossup,mglossup5n@exblog.jp,3186,USA
270,Phip Pittel,ppittel7h@skyrock.com,3175,USA
653,Pasquale Maryon,pmaryoni4@huffingtonpost.com,4602,Canada
654,Ariella Kybird,akybirdi5@vistaprint.com,3910,Canada
254,Crissie Growcott,cgrowcott71@ehow.com,3174,USA
592,Karlotta Sidgwick,ksidgwickgf@about.me,3172,USA
660,Kaitlynn Cuchey,kcucheyib@themeforest.net,3163,USA
213,Ambros Comellini,acomellini5w@gnu.org,3156,USA
215,Jerry Hessing,jhessing5y@wikimedia.org,3155,USA
957,Katusha Fairey,kfaireyqk@msu.edu,3152,USA
983,Alicia Dalrymple,adalrymplera@samsung.com,3150,USA
914,Aline Bomfield,abomfieldpd@google.com.hk,3147,USA
663,Murvyn Grevel,mgrevelie@cdc.gov,4430,Canada
607,Tallou Sadler,tsadlergu@eepurl.com,3146,USA
648,Reeva Milroy,rmilroyhz@ucoz.ru,3131,USA
550,Valencia Josefsohn,vjosefsohnf9@facebook.com,3116,USA
114,Astra Skeech,askeech35@nydailynews.com,3110,USA
137,Allsun Orrow,aorrow3s@foxnews.com,3110,USA
179,Skell Izakof,sizakof4y@ameblo.jp,3101,USA
670,Bernadette Bustin,bbustinil@amazon.co.uk,2334,Canada
806,Loretta Linturn,llinturnmd@furl.net,3084,USA
679,Benedikt Fetherstan,bfetherstaniu@ox.ac.uk,3083,USA
491,Bernadina Egalton,begaltondm@dagondesign.com,3082,USA
168,Minor Netti,mnetti4n@alexa.com,3066,USA
675,Dody Bushell,dbushelliq@techcrunch.com,3224,Canada
676,Garwood Fenix,gfenixir@about.me,4942,Canada
747,Chicky Jeram,cjeramkq@topsy.com,3064,USA
753,Aurea McUre,amcurekw@nydailynews.com,3059,USA
216,Ingunna Bretland,ibretland5z@wikispaces.com,3056,USA
680,Britteny Castleton,bcastletoniv@amazon.de,4861,Canada
783,Jamie Micheli,jmichelilq@huffingtonpost.com,3054,USA
701,Brade Gooderson,bgoodersonjg@biblegateway.com,3047,USA
479,Byrann Kynge,bkyngeda@shop-pro.jp,3044,USA
684,Honoria Lancett,hlancettiz@amazon.co.jp,4963,Canada
685,Steven De la Barre,sdej0@yandex.ru,2167,Canada
185,Felisha Harrigan,fharrigan54@nps.gov,3043,USA
692,Lynn Padly,lpadlyj7@liveinternet.ru,3042,USA
688,Terri Izakovitz,tizakovitzj3@un.org,3750,Canada
459,Gustave Phizacklea,gphizackleacq@noaa.gov,3022,USA
817,Burg Conahy,bconahymo@hao123.com,3013,USA
884,Levon Cradock,lcradockoj@tumblr.com,3004,USA
157,Ailina Tankus,atankus4c@sourceforge.net,2994,USA
807,Matthieu Spellissy,mspellissyme@samsung.com,2991,USA
629,Amandy Gemmill,agemmillhg@ucoz.ru,2990,USA
492,Mommy Naulls,mnaullsdn@ow.ly,2989,USA
696,Julie Coleridge,jcoleridgejb@unicef.org,4783,Canada
503,Gabey Witch,gwitchdy@ibm.com,2989,USA
421,Verge Delete,vdeletebo@mapquest.com,2988,USA
560,Dugald Challace,dchallacefj@jimdo.com,2986,USA
565,Grady Yerrall,gyerrallfo@nbcnews.com,2982,USA
951,Hersch MacAndrew,hmacandrewqe@cbsnews.com,2976,USA
819,Fifi Mathiassen,fmathiassenmq@ehow.com,2964,USA
635,Verna Dankov,vdankovhm@seesaa.net,2943,USA
371,Devonne Farnhill,dfarnhillaa@vkontakte.ru,2941,USA
181,Phineas Coldwell,pcoldwell50@rambler.ru,2937,USA
990,Brandise Chadney,bchadneyrh@eepurl.com,2927,USA
844,Kania Beasley,kbeasleynf@etsy.com,2918,USA
373,Jemie Hanbridge,jhanbridgeac@hhs.gov,2910,USA
709,Felisha Nancekivell,fnancekivelljo@tumblr.com,2725,Canada
710,Alika Pedrocco,apedroccojp@cyberchimps.com,2001,Canada
564,Madalyn Dracksford,mdracksfordfn@europa.eu,2897,USA
920,Wakefield Robison,wrobisonpj@wikimedia.org,2896,USA
522,Nicol Roaf,nroafeh@paypal.com,2894,USA
930,Peggie Witheridge,pwitheridgept@flickr.com,2890,USA
715,L;urette Norris,lnorrisju@exblog.jp,2958,Canada
716,Pauline Ingree,pingreejv@gmpg.org,2946,Canada
986,Bear Kopf,bkopfrd@mlb.com,2889,USA
718,Wiley Arents,warentsjx@dion.ne.jp,2955,Canada
199,Kory Braddon,kbraddon5i@digg.com,2886,USA
720,Humphrey Guinane,hguinanejz@tmall.com,4544,Canada
784,Fae Hawking,fhawkinglr@infoseek.co.jp,2877,USA
722,Leonardo Killgus,lkillgusk1@rediff.com,4484,Canada
322,Arlen Kristoffersen,akristoffersen8x@nytimes.com,2869,USA
724,Claire Skacel,cskacelk3@army.mil,2545,Canada
207,Sascha Mardell,smardell5q@angelfire.com,2865,USA
726,Zebulon Tuttiett,ztuttiettk5@arizona.edu,4559,Canada
300,Erin Banbury,ebanbury8b@topsy.com,2851,USA
824,Yvon Chadwin,ychadwinmv@ameblo.jp,2841,USA
729,Carolan McCrone,cmccronek8@ebay.com,3731,Canada
123,Dennet Tingley,dtingley3e@wsj.com,2831,USA
731,Reuben McPeeters,rmcpeeterska@gov.uk,2527,Canada
449,Eamon Marunchak,emarunchakcg@princeton.edu,2828,USA
640,Jennine Pinwell,jpinwellhr@lycos.com,2823,USA
852,Samuele Reading,sreadingnn@biblegateway.com,2813,USA
400,Darius Dunnet,ddunnetb3@arstechnica.com,2812,USA
736,Lauri Gouck,lgouckkf@stanford.edu,4367,Canada
167,Sherline Grayne,sgrayne4m@blogspot.com,2809,USA
341,Christos Halse,chalse9g@weibo.com,2809,USA
739,Daisie Ellett,dellettki@123-reg.co.uk,4904,Canada
658,Nealon Swanwick,nswanwicki9@state.tx.us,2804,USA
8,Amalle Cassie,acassie7@github.com,2798,USA
963,Kata Jeffry,kjeffryqq@walmart.com,2790,USA
288,Stafford Corwin,scorwin7z@wikispaces.com,2786,USA
744,Cathy Tuma,ctumakn@fc2.com,2837,Canada
588,Bettina Monery,bmonerygb@businessinsider.com,2782,USA
201,Odelinda Norcott,onorcott5k@cbsnews.com,2773,USA
686,Abbi Shapera,ashaperaj1@usda.gov,2770,USA
343,Mira Crighton,mcrighton9i@globo.com,2762,USA
749,Zilvia McCoughan,zmccoughanks@cpanel.net,2596,Canada
779,Beverley Jenno,bjennolm@example.com,2756,USA
379,Mia Burgyn,mburgynai@mtv.com,2750,USA
566,Kristoffer Boullen,kboullenfp@blogger.com,2746,USA
735,Roby Smoth,rsmothke@plala.or.jp,2744,USA
671,Ellis Foulds,efouldsim@google.fr,2741,USA
695,Krystle Serotsky,kserotskyja@printfriendly.com,2738,USA
556,Lenna Mapledorum,lmapledorumff@hostgator.com,2735,USA
960,Webb Ellwell,wellwellqn@webs.com,2735,USA
507,Jordanna Pomroy,jpomroye2@dedecms.com,2733,USA
759,Elizabet Kob,ekobl2@joomla.org,4187,Canada
760,Gibbie Buckthorp,gbuckthorpl3@ucsd.edu,2817,Canada
665,Fey Berndsen,fberndsenig@elpais.com,2733,USA
772,Bert Besse,bbesself@wikispaces.com,2731,USA
357,Josey Carrane,jcarrane9w@paypal.com,2719,USA
233,Eduard Shellibeer,eshellibeer6g@dell.com,2707,USA
473,Bambi Dulany,bdulanyd4@sitemeter.com,2707,USA
410,Justin Fundell,jfundellbd@sitemeter.com,2700,USA
767,Shana Cansdell,scansdellla@digg.com,2483,Canada
147,Barty Dahler,bdahler42@home.pl,2699,USA
769,Coralie Wadwell,cwadwelllc@elegantthemes.com,2090,Canada
456,Garold Clearley,gclearleycn@ftc.gov,2697,USA
539,Wilbert Huffy,whuffyey@shutterfly.com,2696,USA
794,Malinde Kelway,mkelwaym1@goo.gl,2689,USA
668,Fanchon Crocker,fcrockerij@pen.io,2687,USA
112,Abby Pavelka,apavelka33@purevolume.com,2684,USA
766,Giffer Sturm,gsturml9@samsung.com,2678,USA
776,Burnaby Cowe,bcowelj@g.co,4162,Canada
777,Duane Neary,dnearylk@godaddy.com,4121,Canada
131,Elsi Pancast,epancast3m@harvard.edu,2676,USA
904,Otho Hiddsley,ohiddsleyp3@utexas.edu,2676,USA
432,Woodman Troubridge,wtroubridgebz@state.tx.us,2667,USA
353,Vyky Willmett,vwillmett9s@abc.net.au,2662,USA
782,Boigie Coyish,bcoyishlp@shareasale.com,2177,Canada
768,Daloris Thompstone,dthompstonelb@t-online.de,2654,USA
940,Alexei Threadkell,athreadkellq3@bloglovin.com,2654,USA
443,Winny Cowl,wcowlca@ebay.co.uk,2649,USA
231,Townsend Calcott,tcalcott6e@howstuffworks.com,2637,USA
623,Joly Aldam,jaldamha@icio.us,2631,USA
877,Isidoro Devon,idevonoc@github.io,2618,USA
789,Mariya Syphus,msyphuslw@house.gov,4448,Canada
790,Alfonso Driussi,adriussilx@redcross.org,3868,Canada
791,Mireille Lamball,mlamballly@mozilla.org,4649,Canada
792,Donaugh Pietroni,dpietronilz@pcworld.com,3242,Canada
295,Kristi Keiling,kkeiling86@gmpg.org,2610,USA
205,Billy Cohn,bcohn5o@google.co.uk,2605,USA
795,Virge Konmann,vkonmannm2@howstuffworks.com,4820,Canada
150,Boone Mallindine,bmallindine45@usatoday.com,2598,USA
154,Poppy Parish,pparish49@yellowbook.com,2598,USA
786,Melloney Danher,mdanherlt@google.nl,2576,USA
799,Olenolin McCallam,omccallamm6@tinypic.com,3589,Canada
800,Olly O'Mullally,oomullallym7@sbwire.com,4198,Canada
840,Brandie Foxen,bfoxennb@wikispaces.com,2567,USA
802,Alfonso Stump,astumpm9@moonfruit.com,3383,Canada
542,Clarey Blackmoor,cblackmoorf1@infoseek.co.jp,2566,USA
189,Tiffanie Wheal,twheal58@cyberchimps.com,2554,USA
332,Roxine Barnwill,rbarnwill97@nih.gov,2549,USA
408,Gualterio Capper,gcapperbb@timesonline.co.uk,2549,USA
691,Elisha Gannon,egannonj6@nyu.edu,2548,USA
808,Chariot Constanza,cconstanzamf@posterous.com,4735,Canada
809,Carroll Ewestace,cewestacemg@mlb.com,3446,Canada
785,Venus Fishburn,vfishburnls@live.com,2548,USA
863,Saree Pouton,spoutonny@angelfire.com,2547,USA
628,Maegan Teideman,mteidemanhf@free.fr,2545,USA
493,Abagael Dirkin,adirkindo@jugem.jp,2543,USA
814,Noak Border,nborderml@google.com.br,3665,Canada
162,Hayward Steart,hsteart4h@wikia.com,2539,USA
780,Jobye Bullene,jbulleneln@example.com,2534,USA
673,Cindelyn Bohea,cboheaio@tripod.com,2527,USA
496,Megen Hassall,mhassalldr@sohu.com,2525,USA
448,Concettina Rizzardi,crizzardicf@about.me,2523,USA
820,Art Dunklee,adunkleemr@baidu.com,2527,Canada
644,Peadar Fraczak,pfraczakhv@mapquest.com,2522,USA
822,Shepard Rawll,srawllmt@google.fr,2154,Canada
525,Merl Kidby,mkidbyek@addthis.com,2518,USA
837,Gerome Stonier,gstoniern8@example.com,2514,USA
446,Willette Gauchier,wgauchiercd@wordpress.com,2511,USA
217,Taryn Cleghorn,tcleghorn60@soundcloud.com,2497,USA
608,Alix Fewkes,afewkesgv@dyndns.org,2497,USA
848,Gordan Kasparski,gkasparskinj@cbc.ca,2497,USA
829,Claudine Kellen,ckellenn0@livejournal.com,4236,Canada
590,Jamill Whate,jwhategd@census.gov,2493,USA
831,Phoebe Balstone,pbalstonen2@imgur.com,3775,Canada
832,Stanley Demange,sdemangen3@techcrunch.com,3252,Canada
813,Otis Swyndley,oswyndleymk@answers.com,2480,USA
834,Kacie Minogue,kminoguen5@ucoz.com,3811,Canada
835,Kyle McQuode,kmcquoden6@craigslist.org,4929,Canada
836,Jermaine Osinin,josininn7@de.vu,4394,Canada
279,Bucky Pillinger,bpillinger7q@techcrunch.com,2475,USA
416,Kendricks Agiolfinger,kagiolfingerbj@naver.com,2473,USA
497,Caroljean Yellowlees,cyellowleesds@bbc.co.uk,2471,USA
615,Casper Jellybrand,cjellybrandh2@telegraph.co.uk,2468,USA
646,Wade Gloster,wglosterhx@shareasale.com,2464,USA
842,Marlena Dominick,mdominicknd@de.vu,4767,Canada
843,Cesare Capener,ccapenerne@webnode.com,3818,Canada
13,Glynis Limerick,glimerickc@tuttocitta.it,2456,USA
218,Alvy Raisbeck,araisbeck61@time.com,2456,USA
846,Babara Younie,byounienh@mac.com,3021,Canada
136,Claudie Sketcher,csketcher3r@usda.gov,2447,USA
818,Ring O'Corhane,rocorhanemp@cafepress.com,2447,USA
849,Fonzie Smuth,fsmuthnk@aol.com,3428,Canada
850,Claiborn Yeld,cyeldnl@behance.net,2490,Canada
111,Rachel Holme,rholme32@surveymonkey.com,2446,USA
251,Igor Eustes,ieustes6y@ed.gov,2442,USA
309,Herc Robjents,hrobjents8k@baidu.com,2437,USA
854,Filmer Ferens,fferensnp@imgur.com,2564,Canada
451,Zoe Brittan,zbrittanci@pen.io,2433,USA
521,Dacia Fyers,dfyerseg@phoca.cz,2430,USA
857,Dyanne Goch,dgochns@cargocollective.com,3464,Canada
356,Reece Ickeringill,rickeringill9v@addtoany.com,2428,USA
770,Jacqueline de Clerc,jdeld@sciencedirect.com,2425,USA
860,Breanne Mordaunt,bmordauntnv@cnn.com,2760,Canada
727,Holly Donlon,hdonlonk6@soup.io,2416,USA
862,Tedmund Greenland,tgreenlandnx@tiny.cc,4636,Canada
118,Isahella Yarrell,iyarrell39@ebay.co.uk,2413,USA
845,Quintilla Pembery,qpemberyng@nydailynews.com,2413,USA
344,Fairleigh Jedrzejkiewicz,fjedrzejkiewicz9j@elpais.com,2410,USA
657,Mil Hargate,mhargatei8@bigcartel.com,2410,USA
303,Wileen Persitt,wpersitt8e@fda.gov,2408,USA
119,Loise Pargent,lpargent3a@google.fr,2400,USA
859,Osbourn Bowart,obowartnu@soundcloud.com,2399,USA
457,Ethel Twort,etwortco@tamu.edu,2394,USA
12,Colet Perett,cperettb@wikia.com,2392,USA
238,Merrili Pellingar,mpellingar6l@mit.edu,2391,USA
873,Alanah Oldknowe,aoldknoweo8@npr.org,2425,Canada
751,Abagail Stembridge,astembridgeku@1688.com,2384,USA
741,Davin Wayman,dwaymankk@acquirethisname.com,2383,USA
452,Ramsey Shrubshall,rshrubshallcj@china.com.cn,2380,USA
499,Maddalena Saull,msaulldu@godaddy.com,2377,USA
878,Marie Checkley,mcheckleyod@facebook.com,3300,Canada
728,Janna Roon,jroonk7@wordpress.com,2374,USA
880,Karalee Ewebank,kewebankof@apple.com,3328,Canada
881,Sonnie Poolman,spoolmanog@reddit.com,3892,Canada
882,Bert Edmons,bedmonsoh@huffingtonpost.com,4430,Canada
883,Arlene Larmour,alarmouroi@yellowbook.com,4804,Canada
541,Daloris Everall,deverallf0@seattletimes.com,2372,USA
211,Jefferson Eltun,jeltun5u@wikipedia.org,2371,USA
886,Becka Beeckx,bbeeckxol@gravatar.com,2897,Canada
803,Nichole Abramsky,nabramskyma@simplemachines.org,2359,USA
944,Sonni Coggins,scogginsq7@moonfruit.com,2356,USA
737,Reggie Alekseev,ralekseevkg@admin.ch,2355,USA
988,Gilberto Bowe,gbowerf@w3.org,2348,USA
868,Eldin Phillipps,ephillippso3@over-blog.com,2339,USA
292,Ryann Caudray,rcaudray83@creativecommons.org,2336,USA
893,Gordan Bennoe,gbennoeos@scientificamerican.com,4827,Canada
267,Ramon Crighton,rcrighton7e@npr.org,2322,USA
895,Christa Denecamp,cdenecampou@ameblo.jp,2595,Canada
363,Caril Heppenspall,cheppenspalla2@nifty.com,2322,USA
897,Maible Jills,mjillsow@about.com,3111,Canada
898,Lewiss Kernar,lkernarox@godaddy.com,2013,Canada
899,Kakalina Maccaddie,kmaccaddieoy@psu.edu,3087,Canada
682,Lief Bramham,lbramhamix@elegantthemes.com,2319,USA
524,Lillian Panons,lpanonsej@naver.com,2307,USA
425,Paulie Romayne,promaynebs@craigslist.org,2301,USA
865,Bartholomeo Halgarth,bhalgartho0@vistaprint.com,2296,USA
543,Emmalynne Silveston,esilvestonf2@imgur.com,2274,USA
458,Brittani Turle,bturlecp@whitehouse.gov,2270,USA
465,Meredithe Sprason,msprasoncw@example.com,2270,USA
907,Mignonne Walburn,mwalburnp6@netlog.com,3910,Canada
908,Edik Bagworth,ebagworthp7@yelp.com,4610,Canada
340,Mirna Tennewell,mtennewell9f@woothemes.com,2268,USA
910,Jodie Huggard,jhuggardp9@constantcontact.com,3997,Canada
911,Duffy Tatlowe,dtatlowepa@wikipedia.org,2940,Canada
912,Grace Ruslen,gruslenpb@purevolume.com,4039,Canada
570,Cosette Piatti,cpiattift@timesonline.co.uk,2268,USA
798,Sergent Huckabe,shuckabem5@ftc.gov,2266,USA
611,Elizabeth Wayte,ewaytegy@digg.com,4160,India
338,Sibella Sutterby,ssutterby9d@miibeian.gov.cn,2257,USA
917,Lyell Morratt,lmorrattpg@oracle.com,3640,Canada
743,Jewelle Forrington,jforringtonkm@java.com,2252,USA
919,Camella MacConneely,cmacconneelypi@wsj.com,2326,Canada
991,Lovell Sheran,lsheranri@arizona.edu,2246,USA
921,Marina Pauncefoot,mpauncefootpk@list-manage.com,3991,Canada
922,Cole Clawley,cclawleypl@stanford.edu,4152,Canada
698,Rebecka Creigan,rcreiganjd@examiner.com,2241,USA
816,Kylen Klimashevich,kklimashevichmn@cyberchimps.com,2236,USA
853,Nedi Ilyas,nilyasno@facebook.com,2233,USA
669,Harv Raw,hrawik@apache.org,2231,USA
385,Jasmin Foston,jfostonao@goodreads.com,2222,USA
928,Yank Mothersole,ymothersolepr@people.com.cn,3770,Canada
180,Rivkah Coast,rcoast4z@wix.com,2200,USA
248,Joane Haddick,jhaddick6v@google.ru,2200,USA
296,Ignace Adin,iadin87@creativecommons.org,2199,USA
276,Blayne Guerin,bguerin7n@huffingtonpost.com,2197,USA
933,Darius Meechan,dmeechanpw@youtube.com,3079,Canada
474,Karoline Walesa,kwalesad5@msn.com,2189,USA
935,Fred Shuker,fshukerpy@networkadvertising.org,4117,Canada
936,Mattheus Shatliff,mshatliffpz@e-recht24.de,2546,Canada
937,Malina Hamblington,mhamblingtonq0@prweb.com,3003,Canada
864,Lenard Drewitt,ldrewittnz@arstechnica.com,2180,USA
939,Constancia Swain,cswainq2@ihg.com,4583,Canada
278,Benjie Markl,bmarkl7p@zimbio.com,2174,USA
195,Yettie Rounsivall,yrounsivall5e@nasa.gov,2172,USA
625,Vern Schulken,vschulkenhc@cargocollective.com,2168,USA
134,Silvia MacGall,smacgall3p@livejournal.com,2164,USA
750,Silvano Laverack,slaverackkt@freewebs.com,2163,USA
182,Leonelle Bech,lbech51@usnews.com,2144,USA
946,Lev Holtom,lholtomq9@360.cn,3130,Canada
374,Candi Breache,cbreachead@shutterfly.com,2140,USA
948,Leesa Picard,lpicardqb@naver.com,4409,Canada
949,Fitz Broadwell,fbroadwellqc@goodreads.com,3174,Canada
796,Sissy Girardot,sgirardotm3@pbs.org,2140,USA
847,Ellwood Bertenshaw,ebertenshawni@ovh.net,2131,USA
372,Marcelle Huton,mhutonab@upenn.edu,2123,USA
924,Rose Smellie,rsmelliepn@mapy.cz,2121,USA
954,Katina Connors,kconnorsqh@ucla.edu,3409,Canada
955,Clem Bandt,cbandtqi@sina.com.cn,2654,Canada
956,Brietta Hicklingbottom,bhicklingbottomqj@businessweek.com,2223,Canada
415,Norine Betke,nbetkebi@drupal.org,2116,USA
958,Mic Gouinlock,mgouinlockql@g.co,3207,Canada
959,Haily Trendle,htrendleqm@ow.ly,4561,Canada
297,Sebastiano Domenc,sdomenc88@yahoo.co.jp,2113,USA
934,Shell Macvey,smacveypx@prnewswire.com,2113,USA
962,Donia Hemmingway,dhemmingwayqp@creativecommons.org,4611,Canada
315,Kial Deex,kdeex8q@over-blog.com,2103,USA
871,Maribeth Maffey,mmaffeyo6@unicef.org,2102,USA
721,Casper Hallihan,challihank0@cmu.edu,2092,USA
232,Bancroft Seamen,bseamen6f@amazon.co.uk,2090,USA
967,Quintina Tayt,qtaytqu@canalblog.com,3899,Canada
815,Orelie Burbank,oburbankmm@discuz.net,2089,USA
438,Ellary Lapides,elapidesc5@naver.com,2075,USA
970,Happy Eshmade,heshmadeqx@webmd.com,2109,Canada
621,Brewster Hrishchenko,bhrishchenkoh8@booking.com,2073,USA
972,Cornelle Morrant,cmorrantqz@jalbum.net,2100,Canada
875,Lolly Pecey,lpeceyoa@dropbox.com,2072,USA
974,Francklyn Brunelli,fbrunellir1@sakura.ne.jp,3266,Canada
975,Omar Shilito,oshilitor2@senate.gov,2924,Canada
323,Cami Swadon,cswadon8y@cafepress.com,2059,USA
616,Allis Batterson,abattersonh3@infoseek.co.jp,2053,USA
892,Cary Jelleman,cjellemanor@boston.com,2048,USA
826,Gertie Betteson,gbettesonmx@ucsd.edu,2047,USA
980,Calv Piddington,cpiddingtonr7@unesco.org,2519,Canada
821,Lane Meech,lmeechms@rediff.com,2044,USA
982,Gayleen Dewitt,gdewittr9@stumbleupon.com,3184,Canada
649,Rouvin Waltho,rwalthoi0@yellowpages.com,2041,USA
984,Fanni Gonzales,fgonzalesrb@skyrock.com,3030,Canada
916,Eustace Byram,ebyrampf@usnews.com,2041,USA
469,Jazmin Blackaller,jblackallerd0@paginegialle.it,2040,USA
494,Henrie Cockrell,hcockrelldp@goodreads.com,2039,USA
394,Nicko Simanenko,nsimanenkoax@sciencedirect.com,2036,USA
989,Adriaens Maling,amalingrg@earthlink.net,3223,Canada
293,Tobe Edwick,tedwick84@utexas.edu,2035,USA
757,Hobey Lammers,hlammersl0@adobe.com,2035,USA
730,Warde Frondt,wfrondtk9@youku.com,2031,USA
993,Merilee Waliszek,mwaliszekrk@yahoo.co.jp,3372,Canada
597,Lizabeth Gane,lganegk@miibeian.gov.cn,2028,USA
163,Marybeth Itscowics,mitscowics4i@hp.com,2027,USA
996,Vick Cromley,vcromleyrn@sakura.ne.jp,3569,Canada
997,Dot Kilmurry,dkilmurryro@google.cn,3471,Canada
998,Morty Ricoald,mricoaldrp@pagesperso-orange.fr,2493,Canada
1000,Erin Wilcott,ewilcottrr@posterous.com,2015,USA
702,Chelsie Stearn,cstearnjh@ebay.co.uk,2012,USA
